id,scope,business_use_case,day_life_story,test_data,input,process_and_demo_steps,expected_output,known_gap_or_limit,historical_spec,manual_operation,pipeline_operation,agentic_operation,planned_test_ids,test_result,log_requirement
J01,Customer,Register and verify identity,A new student signs up after seeing a yoga offer.,"Unique synthetic email, consent versions, valid/expired OTP","Unique synthetic email, consent versions, valid/expired OTP",Open registration; request real OTP; verify; create identity and customer; sign in,"One linked identity/customer, recorded consent, usable dashboard","Live demo login works but customer business record missing; OTP send is a UI delay, no verification",customer-registration.spec.ts,Named user executes/reviews each step; record approvals and exception handling,"Trace queued/dependent steps with correlation ID, retry and durable outcome; if synchronous mark N/A","Optional only where real planner/tool exists; require bounded tools, approval, trace and final-state assertion; otherwise NOT IMPLEMENTED/NOT VERIFIED","J01-P,J01-N,J01-A,J01-R,J01-O",NOT_RUN for this proposed acceptance pack,"build_sha, environment, run_id, role, fixture_id, correlation_id, expected/actual, screenshot/trace, DB assertion, external receipt, cleanup"
J02,Customer,Recover account and manage sessions,A student forgets a password on a different device.,"Existing synthetic identity, reset token, second device","Existing synthetic identity, reset token, second device",Request reset; expire/reuse token; change password; revoke prior session,Account recovered without leaking account existence; revoked session denied,Fresh full recovery and session-revocation demo not evidenced,No direct mapped suite established,Named user executes/reviews each step; record approvals and exception handling,"Trace queued/dependent steps with correlation ID, retry and durable outcome; if synchronous mark N/A","Optional only where real planner/tool exists; require bounded tools, approval, trace and final-state assertion; otherwise NOT IMPLEMENTED/NOT VERIFIED","J02-P,J02-N,J02-A,J02-R,J02-O",NOT_RUN for this proposed acceptance pack,"build_sha, environment, run_id, role, fixture_id, correlation_id, expected/actual, screenshot/trace, DB assertion, external receipt, cleanup"
J03,Customer,Complete profile and preferences,"A beginner changes goals, accessibility needs and contact preferences.","Linked customer, timezone, opt-in/opt-out choices","Linked customer, timezone, opt-in/opt-out choices",Edit profile; save; reload; check admin view and audit history,Persisted preferences drive permitted communication,Customer fixture missing; self-service suite has3 failures and99 skips,customer-self-service.spec.ts,Named user executes/reviews each step; record approvals and exception handling,"Trace queued/dependent steps with correlation ID, retry and durable outcome; if synchronous mark N/A","Optional only where real planner/tool exists; require bounded tools, approval, trace and final-state assertion; otherwise NOT IMPLEMENTED/NOT VERIFIED","J03-P,J03-N,J03-A,J03-R,J03-O",NOT_RUN for this proposed acceptance pack,"build_sha, environment, run_id, role, fixture_id, correlation_id, expected/actual, screenshot/trace, DB assertion, external receipt, cleanup"
J04,Customer,Discover and book a class,A working parent finds an evening class and books one seat.,"Published class, timezone, active membership, one available seat","Published class, timezone, active membership, one available seat",Search; inspect teacher; book; reload customer and admin rosters,"One booking, one seat consumed, confirmation accessible",Complete paid-booking journey not established by current evidence,customer-interaction-tracking.spec.ts,Named user executes/reviews each step; record approvals and exception handling,"Trace queued/dependent steps with correlation ID, retry and durable outcome; if synchronous mark N/A","Optional only where real planner/tool exists; require bounded tools, approval, trace and final-state assertion; otherwise NOT IMPLEMENTED/NOT VERIFIED","J04-P,J04-N,J04-A,J04-R,J04-O",NOT_RUN for this proposed acceptance pack,"build_sha, environment, run_id, role, fixture_id, correlation_id, expected/actual, screenshot/trace, DB assertion, external receipt, cleanup"
J05,Customer,Waitlist and capacity race,Two students compete for the final seat.,"Two isolated customers, capacity1, waitlist policy","Two isolated customers, capacity1, waitlist policy",Submit simultaneous bookings; cancel winner; promote waitlist,No overbooking; exactly one promotion and one confirmation,Defined capacity test exists but orchestrator has zero execution results,No direct mapped suite established,Named user executes/reviews each step; record approvals and exception handling,"Trace queued/dependent steps with correlation ID, retry and durable outcome; if synchronous mark N/A","Optional only where real planner/tool exists; require bounded tools, approval, trace and final-state assertion; otherwise NOT IMPLEMENTED/NOT VERIFIED","J05-P,J05-N,J05-A,J05-R,J05-O",NOT_RUN for this proposed acceptance pack,"build_sha, environment, run_id, role, fixture_id, correlation_id, expected/actual, screenshot/trace, DB assertion, external receipt, cleanup"
J06,Customer,Reschedule and cancel,A student cannot attend and moves a class before the cutoff.,"Booking, cutoff boundary, replacement session","Booking, cutoff boundary, replacement session",Reschedule; retry; cancel inside/outside allowed window,"Correct seats, credits and history; no duplicate refund",Lifecycle test defined but no orchestrated execution evidence,No direct mapped suite established,Named user executes/reviews each step; record approvals and exception handling,"Trace queued/dependent steps with correlation ID, retry and durable outcome; if synchronous mark N/A","Optional only where real planner/tool exists; require bounded tools, approval, trace and final-state assertion; otherwise NOT IMPLEMENTED/NOT VERIFIED","J06-P,J06-N,J06-A,J06-R,J06-O",NOT_RUN for this proposed acceptance pack,"build_sha, environment, run_id, role, fixture_id, correlation_id, expected/actual, screenshot/trace, DB assertion, external receipt, cleanup"
J07,Customer,Check in and attendance,A student arrives and staff confirms attendance.,"Valid booking, QR/token, expired token, second user","Valid booking, QR/token, expired token, second user",Scan; validate ownership; mark attendance; retry scan,"One attendance record, correct roster and engagement update",Kiosk QR/session handoff registry explicitly partial,No direct mapped suite established,Named user executes/reviews each step; record approvals and exception handling,"Trace queued/dependent steps with correlation ID, retry and durable outcome; if synchronous mark N/A","Optional only where real planner/tool exists; require bounded tools, approval, trace and final-state assertion; otherwise NOT IMPLEMENTED/NOT VERIFIED","J07-P,J07-N,J07-A,J07-R,J07-O",NOT_RUN for this proposed acceptance pack,"build_sha, environment, run_id, role, fixture_id, correlation_id, expected/actual, screenshot/trace, DB assertion, external receipt, cleanup"
J08,Customer,Buy or change membership,A customer upgrades then pauses a monthly plan.,"Two plans, eligibility, renewal dates, payment sandbox","Two plans, eligibility, renewal dates, payment sandbox",Compare; subscribe; upgrade/prorate; pause/resume; cancel renewal,Entitlements and invoice schedule match chosen plan,Pricing self-service has10 incomplete registry use cases,customer-self-service.spec.ts,Named user executes/reviews each step; record approvals and exception handling,"Trace queued/dependent steps with correlation ID, retry and durable outcome; if synchronous mark N/A","Optional only where real planner/tool exists; require bounded tools, approval, trace and final-state assertion; otherwise NOT IMPLEMENTED/NOT VERIFIED","J08-P,J08-N,J08-A,J08-R,J08-O",NOT_RUN for this proposed acceptance pack,"build_sha, environment, run_id, role, fixture_id, correlation_id, expected/actual, screenshot/trace, DB assertion, external receipt, cleanup"
J09,Customer,Cart to confirmed payment,A customer purchases a yoga product through an affiliate link.,"Product, cart, click token, configured affiliate rate, payment evidence","Product, cart, click token, configured affiliate rate, payment evidence",Add/edit cart; checkout; confirm actual payment; inspect order and commission,Order/customer/commission reconcile; no earnings while unpaid,Local manual-payment affiliate flow implemented; automated gateway not connected,No direct mapped suite established,Named user executes/reviews each step; record approvals and exception handling,"Trace queued/dependent steps with correlation ID, retry and durable outcome; if synchronous mark N/A","Optional only where real planner/tool exists; require bounded tools, approval, trace and final-state assertion; otherwise NOT IMPLEMENTED/NOT VERIFIED","J09-P,J09-N,J09-A,J09-R,J09-O",NOT_RUN for this proposed acceptance pack,"build_sha, environment, run_id, role, fixture_id, correlation_id, expected/actual, screenshot/trace, DB assertion, external receipt, cleanup"
J10,Customer,Invoices and receipts,A customer downloads an invoice for reimbursement.,"Paid order, invoice, another customer account","Paid order, invoice, another customer account",Open invoice; download; verify tax totals; attempt cross-account access,Correct private invoice and payment reference,Customer order API currently404 for demo identity; complete invoice demo missing,customer-self-service.spec.ts,Named user executes/reviews each step; record approvals and exception handling,"Trace queued/dependent steps with correlation ID, retry and durable outcome; if synchronous mark N/A","Optional only where real planner/tool exists; require bounded tools, approval, trace and final-state assertion; otherwise NOT IMPLEMENTED/NOT VERIFIED","J10-P,J10-N,J10-A,J10-R,J10-O",NOT_RUN for this proposed acceptance pack,"build_sha, environment, run_id, role, fixture_id, correlation_id, expected/actual, screenshot/trace, DB assertion, external receipt, cleanup"
J11,Customer,Refund or return,A customer returns one purchase after affiliate payout.,"Paid order, partial/full refund, paid affiliate conversion","Paid order, partial/full refund, paid affiliate conversion",Request return; approve; record refund; reconcile commission,"Refund record, reversal and recovery balance with audit trail",Ledger isolated SQL passed; customer request-to-bank-refund not demonstrated,No direct mapped suite established,Named user executes/reviews each step; record approvals and exception handling,"Trace queued/dependent steps with correlation ID, retry and durable outcome; if synchronous mark N/A","Optional only where real planner/tool exists; require bounded tools, approval, trace and final-state assertion; otherwise NOT IMPLEMENTED/NOT VERIFIED","J11-P,J11-N,J11-A,J11-R,J11-O",NOT_RUN for this proposed acceptance pack,"build_sha, environment, run_id, role, fixture_id, correlation_id, expected/actual, screenshot/trace, DB assertion, external receipt, cleanup"
J12,Customer,Referral and loyalty rewards,A member invites a friend who buys a qualifying membership.,"Two linked customers, active referral campaign, self-referral attempt","Two linked customers, active referral campaign, self-referral attempt",Share; click; register; qualify purchase; approve reward; redeem,Exactly one valid reward; duplicate/self-referral blocked,Referral browser tests historically pass; full purchase/reward/payout journey still unproven,customer-referral.spec.ts,Named user executes/reviews each step; record approvals and exception handling,"Trace queued/dependent steps with correlation ID, retry and durable outcome; if synchronous mark N/A","Optional only where real planner/tool exists; require bounded tools, approval, trace and final-state assertion; otherwise NOT IMPLEMENTED/NOT VERIFIED","J12-P,J12-N,J12-A,J12-R,J12-O",NOT_RUN for this proposed acceptance pack,"build_sha, environment, run_id, role, fixture_id, correlation_id, expected/actual, screenshot/trace, DB assertion, external receipt, cleanup"
J13,Customer,Support and service recovery,A student reports a missed class and follows the resolution.,"Customer ticket, staff role, SLA and attachment","Customer ticket, staff role, SLA and attachment",Create ticket; assign; reply; escalate overdue; close; rate resolution,"Customer sees replies, SLA evidence and final resolution",Self-service tests largely skipped; delivery/SLA evidence needed,customer-self-service.spec.ts,Named user executes/reviews each step; record approvals and exception handling,"Trace queued/dependent steps with correlation ID, retry and durable outcome; if synchronous mark N/A","Optional only where real planner/tool exists; require bounded tools, approval, trace and final-state assertion; otherwise NOT IMPLEMENTED/NOT VERIFIED","J13-P,J13-N,J13-A,J13-R,J13-O",NOT_RUN for this proposed acceptance pack,"build_sha, environment, run_id, role, fixture_id, correlation_id, expected/actual, screenshot/trace, DB assertion, external receipt, cleanup"
J14,Customer,Privacy export and deletion,A customer requests a copy of data and closes the account.,"Isolated customer with booking/history, retention rules","Isolated customer with booking/history, retention rules",Export; validate ownership; request deletion; apply retention; verify access revoked,"Complete export, audit and correct retention/deletion",Privacy case defined but zero orchestrated executions; do not use real customer data,No direct mapped suite established,Named user executes/reviews each step; record approvals and exception handling,"Trace queued/dependent steps with correlation ID, retry and durable outcome; if synchronous mark N/A","Optional only where real planner/tool exists; require bounded tools, approval, trace and final-state assertion; otherwise NOT IMPLEMENTED/NOT VERIFIED","J14-P,J14-N,J14-A,J14-R,J14-O",NOT_RUN for this proposed acceptance pack,"build_sha, environment, run_id, role, fixture_id, correlation_id, expected/actual, screenshot/trace, DB assertion, external receipt, cleanup"
J15,Customer,Survey and feedback,A student receives a post-class survey and submits feedback once.,"Invitation token, completed booking, replay and expired token","Invitation token, completed booking, replay and expired token",Open survey; respond; replay; inspect NPS/admin report,One response linked to correct class and aggregate,NPS suite45 passes historically; external invitation delivery separate,nps-feedback.spec.ts,Named user executes/reviews each step; record approvals and exception handling,"Trace queued/dependent steps with correlation ID, retry and durable outcome; if synchronous mark N/A","Optional only where real planner/tool exists; require bounded tools, approval, trace and final-state assertion; otherwise NOT IMPLEMENTED/NOT VERIFIED","J15-P,J15-N,J15-A,J15-R,J15-O",NOT_RUN for this proposed acceptance pack,"build_sha, environment, run_id, role, fixture_id, correlation_id, expected/actual, screenshot/trace, DB assertion, external receipt, cleanup"
J16,Customer,Learn from educational video,"A learner requests a lesson, reviews captions and resumes playback.","Course entitlement, uploaded sample, transcript, two lessons","Course entitlement, uploaded sample, transcript, two lessons",Open lesson; play; edit/review captions if permitted; save progress; resume,"Accessible lesson, correct progress and entitlement checks",Educational Video Studio has9 incomplete use cases; basic local media is separate app,yoga-education-content.spec.ts,Named user executes/reviews each step; record approvals and exception handling,"Trace queued/dependent steps with correlation ID, retry and durable outcome; if synchronous mark N/A","Optional only where real planner/tool exists; require bounded tools, approval, trace and final-state assertion; otherwise NOT IMPLEMENTED/NOT VERIFIED","J16-P,J16-N,J16-A,J16-R,J16-O",NOT_RUN for this proposed acceptance pack,"build_sha, environment, run_id, role, fixture_id, correlation_id, expected/actual, screenshot/trace, DB assertion, external receipt, cleanup"
J17,Customer,Approve a marketing deliverable,A business customer reviews a reel or campaign before publication.,"Client tenant, draft media, revision, reviewer role","Client tenant, draft media, revision, reviewer role",Review; annotate; request revision; compare; approve exact version,Approval bound to asset version; publication receipt visible only when real,Self-service ads/acquisition flows incomplete; no full client review/publish demo,No direct mapped suite established,Named user executes/reviews each step; record approvals and exception handling,"Trace queued/dependent steps with correlation ID, retry and durable outcome; if synchronous mark N/A","Optional only where real planner/tool exists; require bounded tools, approval, trace and final-state assertion; otherwise NOT IMPLEMENTED/NOT VERIFIED","J17-P,J17-N,J17-A,J17-R,J17-O",NOT_RUN for this proposed acceptance pack,"build_sha, environment, run_id, role, fixture_id, correlation_id, expected/actual, screenshot/trace, DB assertion, external receipt, cleanup"
J18,Admin,Onboard customer and teacher,An administrator connects identities to customer/student/teacher records.,"Isolated identities, tenant, duplicate onboarding request","Isolated identities, tenant, duplicate onboarding request",Invite; complete profile; approve teacher; verify all role dashboards,"Consistent identity links, permissions and usable demo fixtures",Teacher/student suite10 failures; demo customer lacks business record,teacher-student-onboarding.spec.ts,Named user executes/reviews each step; record approvals and exception handling,"Trace queued/dependent steps with correlation ID, retry and durable outcome; if synchronous mark N/A","Optional only where real planner/tool exists; require bounded tools, approval, trace and final-state assertion; otherwise NOT IMPLEMENTED/NOT VERIFIED","J18-P,J18-N,J18-A,J18-R,J18-O",NOT_RUN for this proposed acceptance pack,"build_sha, environment, run_id, role, fixture_id, correlation_id, expected/actual, screenshot/trace, DB assertion, external receipt, cleanup"
J19,Admin,Schedule classes and manage capacity,A studio manager changes a recurring class across daylight saving time.,"Teacher, location, timezone, recurrence, existing bookings","Teacher, location, timezone, recurrence, existing bookings",Create series; change one occurrence; check collisions; notify affected students,"Correct local times, capacity and nonduplicated notifications",Fresh recurrence/DST/outage demo evidence missing,No direct mapped suite established,Named user executes/reviews each step; record approvals and exception handling,"Trace queued/dependent steps with correlation ID, retry and durable outcome; if synchronous mark N/A","Optional only where real planner/tool exists; require bounded tools, approval, trace and final-state assertion; otherwise NOT IMPLEMENTED/NOT VERIFIED","J19-P,J19-N,J19-A,J19-R,J19-O",NOT_RUN for this proposed acceptance pack,"build_sha, environment, run_id, role, fixture_id, correlation_id, expected/actual, screenshot/trace, DB assertion, external receipt, cleanup"
J20,Admin,Catalog and inventory,Staff sell the final stocked item and process a return.,"Product, variants, stock1, concurrent orders","Product, variants, stock1, concurrent orders",Publish; order simultaneously; reserve stock; return; reconcile inventory,No overselling; reversible inventory movements with audit,Product/service domain has6 incomplete registry use cases,No direct mapped suite established,Named user executes/reviews each step; record approvals and exception handling,"Trace queued/dependent steps with correlation ID, retry and durable outcome; if synchronous mark N/A","Optional only where real planner/tool exists; require bounded tools, approval, trace and final-state assertion; otherwise NOT IMPLEMENTED/NOT VERIFIED","J20-P,J20-N,J20-A,J20-R,J20-O",NOT_RUN for this proposed acceptance pack,"build_sha, environment, run_id, role, fixture_id, correlation_id, expected/actual, screenshot/trace, DB assertion, external receipt, cleanup"
J21,Admin,Pricing and promotions,Staff issue a limited-use coupon and approve an exceptional discount.,"Coupon cap, eligibility, threshold, approver role","Coupon cap, eligibility, threshold, approver role",Configure; redeem at boundary; reject invalid; approve exception,Correct totals and audit; no duplicate redemption,Pricing/promotion domain incomplete; full monetary-path test missing,No direct mapped suite established,Named user executes/reviews each step; record approvals and exception handling,"Trace queued/dependent steps with correlation ID, retry and durable outcome; if synchronous mark N/A","Optional only where real planner/tool exists; require bounded tools, approval, trace and final-state assertion; otherwise NOT IMPLEMENTED/NOT VERIFIED","J21-P,J21-N,J21-A,J21-R,J21-O",NOT_RUN for this proposed acceptance pack,"build_sha, environment, run_id, role, fixture_id, correlation_id, expected/actual, screenshot/trace, DB assertion, external receipt, cleanup"
J22,Admin,Billing and dunning,A renewal fails and staff recover the subscription.,"Due subscription, invoice, failed-payment event, grace period","Due subscription, invoice, failed-payment event, grace period",Generate invoice; retry safely; send reminders; recover or suspend,"One invoice, correct entitlement/grace state and delivery evidence",Payment domain16 and billing domain6 incomplete use cases,No direct mapped suite established,Named user executes/reviews each step; record approvals and exception handling,"Trace queued/dependent steps with correlation ID, retry and durable outcome; if synchronous mark N/A","Optional only where real planner/tool exists; require bounded tools, approval, trace and final-state assertion; otherwise NOT IMPLEMENTED/NOT VERIFIED","J22-P,J22-N,J22-A,J22-R,J22-O",NOT_RUN for this proposed acceptance pack,"build_sha, environment, run_id, role, fixture_id, correlation_id, expected/actual, screenshot/trace, DB assertion, external receipt, cleanup"
J23,Admin,Affiliate commission and payout,Staff reconcile referrals and record externally completed payouts.,"Enabled policy, click, paid order, refund, receipt reference","Enabled policy, click, paid order, refund, receipt reference",Configure policy; attribute; mark paid; record receipt; replay; refund,Numeric ledger reconciles; no duplicate earning/payout; negative recovery visible,232 unit/API tests and real temp-table flow passed; authenticated production full demo pending,No direct mapped suite established,Named user executes/reviews each step; record approvals and exception handling,"Trace queued/dependent steps with correlation ID, retry and durable outcome; if synchronous mark N/A","Optional only where real planner/tool exists; require bounded tools, approval, trace and final-state assertion; otherwise NOT IMPLEMENTED/NOT VERIFIED","J23-P,J23-N,J23-A,J23-R,J23-O",NOT_RUN for this proposed acceptance pack,"build_sha, environment, run_id, role, fixture_id, correlation_id, expected/actual, screenshot/trace, DB assertion, external receipt, cleanup"
J24,Admin,Lead capture and assignment,An inquiry from a landing page is routed to an available salesperson.,"Campaign/UTM, consent, duplicate contact, two staff members","Campaign/UTM, consent, duplicate contact, two staff members",Submit; deduplicate; assign; breach SLA; convert to proposal,"One lead, correct owner/SLA, source and conversion evidence",Contact capture33 passes; funnel suite6 failures,contact-lead-capture.spec.ts,Named user executes/reviews each step; record approvals and exception handling,"Trace queued/dependent steps with correlation ID, retry and durable outcome; if synchronous mark N/A","Optional only where real planner/tool exists; require bounded tools, approval, trace and final-state assertion; otherwise NOT IMPLEMENTED/NOT VERIFIED","J24-P,J24-N,J24-A,J24-R,J24-O",NOT_RUN for this proposed acceptance pack,"build_sha, environment, run_id, role, fixture_id, correlation_id, expected/actual, screenshot/trace, DB assertion, external receipt, cleanup"
J25,Admin,Campaign to delivered message,A marketer sends a consented campaign and handles an unsubscribe.,"Consent states, suppression list, seed audience, test mailbox","Consent states, suppression list, seed audience, test mailbox",Segment; draft; approve; dispatch; ingest delivery/bounce; unsubscribe,Recipient delivery receipt and suppression applied on retry,Email/drip delivery gated; queued is not sent,consent-automation.spec.ts,Named user executes/reviews each step; record approvals and exception handling,"Trace queued/dependent steps with correlation ID, retry and durable outcome; if synchronous mark N/A","Optional only where real planner/tool exists; require bounded tools, approval, trace and final-state assertion; otherwise NOT IMPLEMENTED/NOT VERIFIED","J25-P,J25-N,J25-A,J25-R,J25-O",NOT_RUN for this proposed acceptance pack,"build_sha, environment, run_id, role, fixture_id, correlation_id, expected/actual, screenshot/trace, DB assertion, external receipt, cleanup"
J26,Admin,Social post to live receipt,A manager approves a LinkedIn company-page post.,"Connected test page, OAuth scopes, approved version, schedule","Connected test page, OAuth scopes, approved version, schedule",Connect; compose; approve; publish; retrieve external post; retry failure,Real platform post ID/URL and synchronized status,LinkedIn credentials absent at prior audit; verify before live publication,social-scheduler.spec.ts,Named user executes/reviews each step; record approvals and exception handling,"Trace queued/dependent steps with correlation ID, retry and durable outcome; if synchronous mark N/A","Optional only where real planner/tool exists; require bounded tools, approval, trace and final-state assertion; otherwise NOT IMPLEMENTED/NOT VERIFIED","J26-P,J26-N,J26-A,J26-R,J26-O",NOT_RUN for this proposed acceptance pack,"build_sha, environment, run_id, role, fixture_id, correlation_id, expected/actual, screenshot/trace, DB assertion, external receipt, cleanup"
J27,Admin,Classified listing and inquiry,Staff post a Kijiji listing and track a customer response.,"Approved listing, images, authorized account, manual receipt","Approved listing, images, authorized account, manual receipt",Prepare; export; manually publish; record URL; enter inquiry; close followup,Traceable listing-to-lead history; manual steps clearly labeled,No verified Kijiji posting API; Operations Center handoff is manual,No direct mapped suite established,Named user executes/reviews each step; record approvals and exception handling,"Trace queued/dependent steps with correlation ID, retry and durable outcome; if synchronous mark N/A","Optional only where real planner/tool exists; require bounded tools, approval, trace and final-state assertion; otherwise NOT IMPLEMENTED/NOT VERIFIED","J27-P,J27-N,J27-A,J27-R,J27-O",NOT_RUN for this proposed acceptance pack,"build_sha, environment, run_id, role, fixture_id, correlation_id, expected/actual, screenshot/trace, DB assertion, external receipt, cleanup"
J28,Admin,Paid advertising and conversion,A marketer launches a small approved ad campaign and reconciles spend.,"Sandbox ad account, budget cap, creative, conversion event","Sandbox ad account, budget cap, creative, conversion event",Approve; create campaign; monitor spend; pause; reconcile conversion,"Provider IDs, bounded spend and real metrics",Provider-neutral CRUD exists; Google Ads API adapter registry not built,No direct mapped suite established,Named user executes/reviews each step; record approvals and exception handling,"Trace queued/dependent steps with correlation ID, retry and durable outcome; if synchronous mark N/A","Optional only where real planner/tool exists; require bounded tools, approval, trace and final-state assertion; otherwise NOT IMPLEMENTED/NOT VERIFIED","J28-P,J28-N,J28-A,J28-R,J28-O",NOT_RUN for this proposed acceptance pack,"build_sha, environment, run_id, role, fixture_id, correlation_id, expected/actual, screenshot/trace, DB assertion, external receipt, cleanup"
J29,Admin,Video and reel production,An editor turns source media into an approved educational reel.,"Authorized audio/video, script, portrait/landscape specs, captions","Authorized audio/video, script, portrait/landscape specs, captions",Ingest; transcribe; review; render; retry worker; approve version; export,"Playable MP4, aligned/reviewed captions, provenance and version history",Local basic transcription/text-card rendering works; full timeline/editor/publish pipeline incomplete,No direct mapped suite established,Named user executes/reviews each step; record approvals and exception handling,"Trace queued/dependent steps with correlation ID, retry and durable outcome; if synchronous mark N/A","Optional only where real planner/tool exists; require bounded tools, approval, trace and final-state assertion; otherwise NOT IMPLEMENTED/NOT VERIFIED","J29-P,J29-N,J29-A,J29-R,J29-O",NOT_RUN for this proposed acceptance pack,"build_sha, environment, run_id, role, fixture_id, correlation_id, expected/actual, screenshot/trace, DB assertion, external receipt, cleanup"
J30,Admin,SEO and attribution reporting,A manager sees which campaign led to a purchase.,"UTM link, visit, lead, paid conversion, reporting window","UTM link, visit, lead, paid conversion, reporting window",Create link; visit; convert; aggregate; compare raw events and report,Consistent source attribution and auditable revenue totals,On-page/UTM claimed real; multi-touch and external rankings unproven,No direct mapped suite established,Named user executes/reviews each step; record approvals and exception handling,"Trace queued/dependent steps with correlation ID, retry and durable outcome; if synchronous mark N/A","Optional only where real planner/tool exists; require bounded tools, approval, trace and final-state assertion; otherwise NOT IMPLEMENTED/NOT VERIFIED","J30-P,J30-N,J30-A,J30-R,J30-O",NOT_RUN for this proposed acceptance pack,"build_sha, environment, run_id, role, fixture_id, correlation_id, expected/actual, screenshot/trace, DB assertion, external receipt, cleanup"
J31,Admin,Customer reputation and crisis response,Negative feedback creates an owned action before SLA expiry.,"Negative survey, sentiment signal, assigned responder","Negative survey, sentiment signal, assigned responder",Detect; triage; draft response; approve; deliver; close incident,Customer response and incident history linked to source,Complaint3 failures; external review channels need credentials,complaint-alert.spec.ts,Named user executes/reviews each step; record approvals and exception handling,"Trace queued/dependent steps with correlation ID, retry and durable outcome; if synchronous mark N/A","Optional only where real planner/tool exists; require bounded tools, approval, trace and final-state assertion; otherwise NOT IMPLEMENTED/NOT VERIFIED","J31-P,J31-N,J31-A,J31-R,J31-O",NOT_RUN for this proposed acceptance pack,"build_sha, environment, run_id, role, fixture_id, correlation_id, expected/actual, screenshot/trace, DB assertion, external receipt, cleanup"
J32,Admin,Tenant and role isolation,A customer or editor tries to change another business's data.,"Two tenants, owner/admin/editor/customer identities","Two tenants, owner/admin/editor/customer identities",Exercise read/write/export endpoints across roles; revoke role; retry,"No cross-tenant exposure, forbidden actions audited",Global registry flags are not security certification; explicit cross-tenant tests required,No direct mapped suite established,Named user executes/reviews each step; record approvals and exception handling,"Trace queued/dependent steps with correlation ID, retry and durable outcome; if synchronous mark N/A","Optional only where real planner/tool exists; require bounded tools, approval, trace and final-state assertion; otherwise NOT IMPLEMENTED/NOT VERIFIED","J32-P,J32-N,J32-A,J32-R,J32-O",NOT_RUN for this proposed acceptance pack,"build_sha, environment, run_id, role, fixture_id, correlation_id, expected/actual, screenshot/trace, DB assertion, external receipt, cleanup"
J33,Admin,"Import, export and rollback",An administrator imports duplicate and malformed records.,"CSV with valid, invalid and duplicate rows; rollback marker","CSV with valid, invalid and duplicate rows; rollback marker",Preview; validate; import; retry; export; rollback only test rows,Deterministic row outcomes with no silent corruption,Fresh import validation/rollback demo evidence absent,No direct mapped suite established,Named user executes/reviews each step; record approvals and exception handling,"Trace queued/dependent steps with correlation ID, retry and durable outcome; if synchronous mark N/A","Optional only where real planner/tool exists; require bounded tools, approval, trace and final-state assertion; otherwise NOT IMPLEMENTED/NOT VERIFIED","J33-P,J33-N,J33-A,J33-R,J33-O",NOT_RUN for this proposed acceptance pack,"build_sha, environment, run_id, role, fixture_id, correlation_id, expected/actual, screenshot/trace, DB assertion, external receipt, cleanup"
J34,Pipeline,Scheduled-job outage recovery,A worker stops between writing data and acknowledging a job.,"Queued job, forced timeout, duplicate webhook, dead-letter policy","Queued job, forced timeout, duplicate webhook, dead-letter policy",Start; interrupt; restart; retry; reconcile; inspect dead-letter handling,"Exactly-once business effect, bounded retries and useful alert",Job existence is not recovery proof; most modules lack documented job/evidence,No direct mapped suite established,Named user executes/reviews each step; record approvals and exception handling,"Trace queued/dependent steps with correlation ID, retry and durable outcome; if synchronous mark N/A","Optional only where real planner/tool exists; require bounded tools, approval, trace and final-state assertion; otherwise NOT IMPLEMENTED/NOT VERIFIED","J34-P,J34-N,J34-A,J34-R,J34-O",NOT_RUN for this proposed acceptance pack,"build_sha, environment, run_id, role, fixture_id, correlation_id, expected/actual, screenshot/trace, DB assertion, external receipt, cleanup"
J35,Pipeline,Demo data and test orchestration,A presenter resets a demo tenant before a customer meeting.,"Versioned fixture pack, isolated tenant, declared18 cases","Versioned fixture pack, isolated tenant, declared18 cases",Seed; verify links; run suite; capture evidence; reset; rerun,Repeatable demo and retained tests/results/logs/cleanup receipt,Four orchestration suites and18 cases exist but zero executions/results,demo-showcase-hub.spec.ts,Named user executes/reviews each step; record approvals and exception handling,"Trace queued/dependent steps with correlation ID, retry and durable outcome; if synchronous mark N/A","Optional only where real planner/tool exists; require bounded tools, approval, trace and final-state assertion; otherwise NOT IMPLEMENTED/NOT VERIFIED","J35-P,J35-N,J35-A,J35-R,J35-O",NOT_RUN for this proposed acceptance pack,"build_sha, environment, run_id, role, fixture_id, correlation_id, expected/actual, screenshot/trace, DB assertion, external receipt, cleanup"
J36,Agentic,Local coding after cloud quota,A developer continues a code task using local Ollama.,"Small isolated repository, failing test, local model, cloud unavailable","Small isolated repository, failing test, local model, cloud unavailable",Select local endpoint; propose patch; edit; run test; review diff,Actual file change and passing test without a cloud request,Local Aider edit previously verified; automatic cloud-to-local session migration not established,No direct mapped suite established,Named user executes/reviews each step; record approvals and exception handling,"Trace queued/dependent steps with correlation ID, retry and durable outcome; if synchronous mark N/A","Optional only where real planner/tool exists; require bounded tools, approval, trace and final-state assertion; otherwise NOT IMPLEMENTED/NOT VERIFIED","J36-P,J36-N,J36-A,J36-R,J36-O",NOT_RUN for this proposed acceptance pack,"build_sha, environment, run_id, role, fixture_id, correlation_id, expected/actual, screenshot/trace, DB assertion, external receipt, cleanup"
J37,Agentic,Approved marketing assistant,An assistant drafts content and requests approval before sending.,"Brief, approved brand facts, permitted tools, rejection scenario","Brief, approved brand facts, permitted tools, rejection scenario",Retrieve facts; draft; validate; request approval; execute exact approved action,Trace links prompt/model/tool/approval/version/result; rejected sends never occur,Full cross-module autonomous workflow not demonstrated; external tools gated,No direct mapped suite established,Named user executes/reviews each step; record approvals and exception handling,"Trace queued/dependent steps with correlation ID, retry and durable outcome; if synchronous mark N/A","Optional only where real planner/tool exists; require bounded tools, approval, trace and final-state assertion; otherwise NOT IMPLEMENTED/NOT VERIFIED","J37-P,J37-N,J37-A,J37-R,J37-O",NOT_RUN for this proposed acceptance pack,"build_sha, environment, run_id, role, fixture_id, correlation_id, expected/actual, screenshot/trace, DB assertion, external receipt, cleanup"
J38,Agentic,Voice booking assistant,A caller asks to reschedule a class through a voice assistant.,"Authorized test number, consent, calendar sandbox, booking","Authorized test number, consent, calendar sandbox, booking",Receive call; identify; confirm intent; check availability; act; summarize,"Recording/transcript, confirmed calendar mutation and consent/audit",Voice/calendar integration partly configured/blocked; no authorized live call executed in this audit,No direct mapped suite established,Named user executes/reviews each step; record approvals and exception handling,"Trace queued/dependent steps with correlation ID, retry and durable outcome; if synchronous mark N/A","Optional only where real planner/tool exists; require bounded tools, approval, trace and final-state assertion; otherwise NOT IMPLEMENTED/NOT VERIFIED","J38-P,J38-N,J38-A,J38-R,J38-O",NOT_RUN for this proposed acceptance pack,"build_sha, environment, run_id, role, fixture_id, correlation_id, expected/actual, screenshot/trace, DB assertion, external receipt, cleanup"
J39,Agentic,Tool failure and prompt injection,An imported page tells an agent to expose secrets or bypass approval.,"Untrusted document, denied tool, budget limit, malformed result","Untrusted document, denied tool, budget limit, malformed result",Ingest; preserve instruction boundary; deny forbidden call; recover or escalate,No data exfiltration or unauthorized action; explicit failure trace,Governance suite9 historical passes does not prove every agent/tool boundary,ai-governance.spec.ts,Named user executes/reviews each step; record approvals and exception handling,"Trace queued/dependent steps with correlation ID, retry and durable outcome; if synchronous mark N/A","Optional only where real planner/tool exists; require bounded tools, approval, trace and final-state assertion; otherwise NOT IMPLEMENTED/NOT VERIFIED","J39-P,J39-N,J39-A,J39-R,J39-O",NOT_RUN for this proposed acceptance pack,"build_sha, environment, run_id, role, fixture_id, correlation_id, expected/actual, screenshot/trace, DB assertion, external receipt, cleanup"
J40,Integration,OAuth expiry and reconnect,A channel token expires during a scheduled publication.,"Test account, expired/revoked token, approved queued post","Test account, expired/revoked token, approved queued post",Detect failure; pause safely; reconnect; resume idempotently,No duplicate post; credential health and owner alert correct,Per-provider expiry/reconnect/receipt tests needed,social-provisioning.spec.ts,Named user executes/reviews each step; record approvals and exception handling,"Trace queued/dependent steps with correlation ID, retry and durable outcome; if synchronous mark N/A","Optional only where real planner/tool exists; require bounded tools, approval, trace and final-state assertion; otherwise NOT IMPLEMENTED/NOT VERIFIED","J40-P,J40-N,J40-A,J40-R,J40-O",NOT_RUN for this proposed acceptance pack,"build_sha, environment, run_id, role, fixture_id, correlation_id, expected/actual, screenshot/trace, DB assertion, external receipt, cleanup"
J41,Integration,Monitoring and incident response,An operator investigates a failed customer workflow from one window.,"Correlated API/job/provider error, alert owner, SLA","Correlated API/job/provider error, alert owner, SLA",Open dashboard; trace request to job; diagnose; replay safely; close alert,One linked trace across UI/API/worker/provider and measurable recovery,Synthetic HTTP probes and registry status cannot establish integrated business monitoring,No direct mapped suite established,Named user executes/reviews each step; record approvals and exception handling,"Trace queued/dependent steps with correlation ID, retry and durable outcome; if synchronous mark N/A","Optional only where real planner/tool exists; require bounded tools, approval, trace and final-state assertion; otherwise NOT IMPLEMENTED/NOT VERIFIED","J41-P,J41-N,J41-A,J41-R,J41-O",NOT_RUN for this proposed acceptance pack,"build_sha, environment, run_id, role, fixture_id, correlation_id, expected/actual, screenshot/trace, DB assertion, external receipt, cleanup"
J42,Experience,Mobile and accessible daily use,A customer books and pays using keyboard or a phone.,"Mobile viewport, keyboard-only user, screen reader, poor network","Mobile viewport, keyboard-only user, screen reader, poor network",Navigate; submit; recover validation; reconnect; inspect focus/labels,"No blocked operation, accessible errors and consistent saved state",Unified quality suite14 failures/timeouts; color-blind project label alone is not emulation,unified-quality.spec.ts,Named user executes/reviews each step; record approvals and exception handling,"Trace queued/dependent steps with correlation ID, retry and durable outcome; if synchronous mark N/A","Optional only where real planner/tool exists; require bounded tools, approval, trace and final-state assertion; otherwise NOT IMPLEMENTED/NOT VERIFIED","J42-P,J42-N,J42-A,J42-R,J42-O",NOT_RUN for this proposed acceptance pack,"build_sha, environment, run_id, role, fixture_id, correlation_id, expected/actual, screenshot/trace, DB assertion, external receipt, cleanup"
